1,RF00237
2,RF01730
3,RF00668
4,RF00706
5,RF00657
6,RF00031
7,RF00400
8,RF00103
9,RF01256
10,RF00639
11,RF00561
12,RF01690
13,RF01225
14,RF00641
15,RF01782
16,RF00667
17,RF00263
18,RF00005
19,RF00403
20,RF00438
21,RF01705
22,RF00199
23,RF00238
24,RF00446
25,RF01859
26,RF00037
27,RF00670
28,RF00679
29,RF00090
30,RF01241
31,RF00418
32,RF02002
33,RF00413
34,RF02278
35,RF00651
36,RF00553
37,RF00693
38,RF01045
39,RF01797
40,RF00425
41,RF00906
42,RF02030
43,RF00694
44,RF00398
45,RF00422
46,RF00617
47,RF01751
48,RF00582
49,RF00215
50,RF00568
51,RF00565
52,RF00404
53,RF01844
54,RF01234
55,RF00231
56,RF00047
57,RF01418
58,RF00167
59,RF00053
60,RF00514
61,RF00654
62,RF00056
63,RF00480
