puzzle	time	space	method
17	303.79	168.964	uniform
12	91.35	168.228	uniform
13	55.47	168.54	uniform
15	93.02	168.088	uniform
21	156.02	168.692	uniform
19	87.85	169.004	uniform
16	42.92	168.268	uniform
20	272.78	168.664	uniform
18	66.51	168.44	uniform
1	197.2	168.108	uniform
14	52.73	168.92	uniform
11	88.23	168.688	uniform
10	862.31	168.156	uniform
9	102.54	168.016	uniform
6	94.28	168.472	uniform
8	40.63	168.468	uniform
7	23.14	168.424	uniform
65	240.83	167.564	uniform
88	160.04	167.344	uniform
68	280.54	167.86	uniform
67	198.6	167.72	uniform
80	248.32	168.492	uniform
70	107.19	167.188	uniform
71	2006.57	167.404	uniform
87	25.46	167.232	uniform
64	71.4	167.844	uniform
69	97.3	167.688	uniform
82	68.34	167.512	uniform
66	35.74	168.584	uniform
81	142.82999999999998	166.724	uniform
74	320.95	167.236	uniform
89	262.84	167.316	uniform
77	94.23	167.668	uniform
73	103.47	167.964	uniform
72	64.5	167.224	uniform
76	143.69	167.696	uniform
79	48.5	167.568	uniform
86	57.83	166.988	uniform
78	33.17	166.624	uniform
93	246.0	167.028	uniform
75	140.49	167.852	uniform
85	395.59	167.304	uniform
83	55.73	167.448	uniform
84	156.63	167.26	uniform
97	140.87	166.356	uniform
91	133.18	166.728	uniform
90	52.27	167.376	uniform
92	68.89	166.764	uniform
4	172.92000000000002	168.576	uniform
3	118.62	168.728	uniform
5	33.94	168.388	uniform
2	1799.49	168.748	uniform
94	23.15	167.044	uniform
98	47.39	167.336	uniform
96	319.4	167.768	uniform
108	27.59	170.08	uniform
104	85.92	169.524	uniform
100	299.41	166.68	uniform
99	71.61	167.012	uniform
193	136.65	167.936	uniform
200	66.91	166.924	uniform
196	16.3	166.928	uniform
199	91.73	166.924	uniform
194	61.06	166.912	uniform
202	51.98	166.916	uniform
189	80.36	167.736	uniform
186	51.99	166.912	uniform
188	74.64	167.952	uniform
185	362.31	166.92	uniform
195	58.38	166.924	uniform
197	85.07	167.7	uniform
198	43.9	166.928	uniform
187	104.54	165.9	uniform
192	394.65	167.956	uniform
201	1675.5	166.916	uniform
191	65.56	166.92	uniform
190	92.26	167.972	uniform
115	58.42	170.52	uniform
117	49.7	170.916	uniform
95	307.08	167.276	uniform
120	113.9	170.256	uniform
105	61.01	169.632	uniform
102	175.05	171.584	uniform
28	131.47	168.56	uniform
22	23.41	168.4	uniform
32	103.9	168.244	uniform
31	25.78	169.088	uniform
52	47.98	168.7	uniform
59	641.0	167.84	uniform
43	27.05	168.152	uniform
48	78.68	168.48	uniform
112	87.53999999999999	169.712	uniform
51	102.75	168.572	uniform
110	910.92	170.52	uniform
58	47.23	167.492	uniform
111	139.39	170.54	uniform
26	181.26	168.072	uniform
38	452.49	168.98	uniform
61	25.27	167.94	uniform
62	152.18	168.12	uniform
57	111.87	167.808	uniform
36	5504.0	168.376	uniform
60	204.89	167.808	uniform
54	72.94	167.988	uniform
101	26.64	166.516	uniform
24	106.49	168.76	uniform
34	44.94	168.696	uniform
56	64.86	168.26	uniform
49	37.1	168.888	uniform
35	75.85	168.72	uniform
113	117.67	170.516	uniform
39	357.25	169.128	uniform
109	297.75	169.396	uniform
23	55.3	168.916	uniform
123	58.89	170.508	uniform
50	92.57	168.604	uniform
53	131.64	167.724	uniform
41	142.3	168.464	uniform
30	85.06	168.748	uniform
40	127.18	168.596	uniform
42	115.04	168.408	uniform
103	113.93	169.588	uniform
118	257.07	170.5	uniform
25	214.28	169.268	uniform
44	308.65	168.692	uniform
27	395.65	168.484	uniform
45	413.68	168.256	uniform
33	84.42	168.912	uniform
47	286.85	168.336	uniform
55	33.8	167.488	uniform
29	78.08	168.08	uniform
37	19.71	168.62	uniform
46	219.24	168.76	uniform
63	25.08	168.172	uniform
107	103.41	169.648	uniform
116	86.17	170.5	uniform
119	59.01	170.364	uniform
122	229.31	169.716	uniform
106	616.56	168.972	uniform
207	25.1	169.984	uniform
215	24.32	170.012	uniform
214	200.16	169.516	uniform
121	153.81	169.784	uniform
205	39.17	168.976	uniform
206	59.91	169.984	uniform
216	102.69	169.992	uniform
221	104.68	170.0	uniform
208	25.07	170.016	uniform
219	36.84	168.984	uniform
211	107.27	170.004	uniform
209	34.28	168.988	uniform
218	69.62	170.0	uniform
212	40.72	170.028	uniform
217	393.08	169.016	uniform
213	36.29	169.984	uniform
220	61.73	169.996	uniform
203	66.94	170.528	uniform
210	21.67	170.912	uniform
114	69.72	170.236	uniform
204	27.81	169.984	uniform
229	23.78	169.908	uniform
224	432.44	168.796	uniform
225	36.43	171.016	uniform
226	100.76	170.02	uniform
230	142.91	171.024	uniform
223	210.86	170.828	uniform
228	646.73	169.996	uniform
236	57.32	169.992	uniform
233	29.08	170.004	uniform
232	12.03	169.988	uniform
239	43.83	169.992	uniform
240	108.08	170.836	uniform
238	25.84	169.004	uniform
241	79.64	170.004	uniform
227	81.67	169.552	uniform
222	16.88	168.968	uniform
237	33.05	168.888	uniform
235	221.0	169.992	uniform
234	82.97	169.94	uniform
231	57.74	168.884	uniform
125	216.09	170.072	uniform
133	121.37	166.912	uniform
126	169.1	169.744	uniform
127	77.78	170.912	uniform
132	26.8	166.92	uniform
129	94.66	170.284	uniform
130	68.55	166.936	uniform
146	156.81	167.936	uniform
145	53.91	166.912	uniform
163	61.82	167.828	uniform
153	64.64	167.776	uniform
138	52.51	166.912	uniform
131	22.76	166.92	uniform
141	19.97	167.948	uniform
139	67.62	167.928	uniform
137	313.23	167.936	uniform
143	47.04	166.924	uniform
165	104.73	168.972	uniform
124	146.7	170.244	uniform
134	51.58	167.756	uniform
135	310.87	166.924	uniform
140	185.07	167.944	uniform
128	97.65	170.0	uniform
148	22.31	167.764	uniform
155	217.49	165.912	uniform
151	80.02	166.916	uniform
147	33.54	167.936	uniform
150	97.89	166.912	uniform
142	65.25	166.924	uniform
247	210.01	168.988	uniform
251	21.33	169.832	uniform
260	179.99	168.272	uniform
156	216.55	168.728	uniform
254	146.09	169.984	uniform
263	52.52	168.144	uniform
258	43.96	169.88	uniform
249	13.63	168.96	uniform
246	21.49	169.984	uniform
245	35.7	169.736	uniform
242	19.1	168.96	uniform
255	34.62	169.8	uniform
261	60.98	168.86	uniform
265	448.96	167.84	uniform
244	17.75	170.0	uniform
276	461.1	168.096	uniform
257	78.07	168.976	uniform
266	3317.26	168.668	uniform
256	37.65	169.984	uniform
267	103.64	168.628	uniform
259	20.03	168.5	uniform
271	446.2	168.204	uniform
252	92.73	169.988	uniform
274	944.24	168.744	uniform
262	58.19	168.464	uniform
279	334.18	168.24	uniform
248	47.78	169.988	uniform
272	57.73	168.352	uniform
253	24.25	170.0	uniform
281	56.14	167.976	uniform
250	80.19	169.984	uniform
275	63.28	168.464	uniform
243	115.44	169.728	uniform
277	205.4	168.588	uniform
264	234.0	168.552	uniform
270	25.79	168.468	uniform
273	330.8	168.62	uniform
278	43.56	168.764	uniform
280	58.44	167.92	uniform
269	56.21	168.636	uniform
268	55.01	168.048	uniform
285	29.65	168.48	uniform
282	145.21	168.392	uniform
299	221.31	168.26	uniform
289	35.08	168.676	uniform
297	142.77	167.96	uniform
283	119.73	168.852	uniform
286	113.04	169.192	uniform
302	37.93	168.012	uniform
303	314.77	168.44	uniform
288	45.95	168.66	uniform
296	138.75	168.644	uniform
301	109.38	167.996	uniform
287	82.26	168.36	uniform
300	40.04	168.424	uniform
298	2008.24	168.328	uniform
295	20.1	167.784	uniform
294	105.49	168.184	uniform
292	103.8	167.736	uniform
291	80.09	168.492	uniform
284	39.94	168.424	uniform
293	51.68	168.484	uniform
171	763.52	166.932	uniform
290	545.29	168.52	uniform
158	38.66	167.952	uniform
176	439.39	166.924	uniform
152	93.74	166.928	uniform
154	31.51	166.908	uniform
157	270.03	167.936	uniform
160	17.02	166.912	uniform
136	121.71	167.948	uniform
167	88.63	166.932	uniform
159	134.94	166.912	uniform
144	40.45	167.944	uniform
180	229.45	166.916	uniform
162	100.56	166.912	uniform
168	50.37	166.844	uniform
164	100.32	165.92	uniform
173	76.63	166.912	uniform
174	55.89	166.932	uniform
166	22.54	168.96	uniform
169	47.04	166.932	uniform
175	43.87	166.916	uniform
177	31.78	166.704	uniform
179	35.17	167.232	uniform
170	79.51	166.916	uniform
184	31.96	167.944	uniform
172	91.99	165.892	uniform
149	217.9	166.916	uniform
178	210.96	166.924	uniform
183	52.2	166.916	uniform
181	139.79	166.924	uniform
182	33.19	166.924	uniform
161	88.92	166.708	uniform
309	2938.87	169.084	uniform
310	44.51	169.168	uniform
311	215.36	168.884	uniform
316	72.5	168.908	uniform
319	78.75	168.86	uniform
308	29.34	169.008	uniform
322	126.69	168.28	uniform
331	239.1	168.256	uniform
305	100.96	168.248	uniform
329	156.65	168.376	uniform
320	330.01	168.704	uniform
333	121.87	168.02	uniform
306	26.95	167.88	uniform
334	195.5	168.26	uniform
317	51.11	168.796	uniform
337	349.49	168.256	uniform
318	65.96	169.076	uniform
335	48.02	168.876	uniform
312	576.74	168.788	uniform
338	37.67	169.048	uniform
307	3651.0	168.344	uniform
328	68.44	168.708	uniform
321	84.08	168.532	uniform
344	124.99	168.728	uniform
315	27.82	169.188	uniform
332	148.77	168.88	uniform
304	22.82	171.06	uniform
327	18.51	169.344	uniform
314	42.79	169.424	uniform
336	96.71	168.888	uniform
323	267.7	168.812	uniform
341	226.88	168.868	uniform
324	319.7	169.204	uniform
326	43.62	169.276	uniform
313	113.36	168.58	uniform
330	31.0	168.752	uniform
325	166.0	168.968	uniform
346	301.32	168.296	uniform
342	823.51	168.728	uniform
340	109.78	168.468	uniform
343	51.33	168.896	uniform
345	62.23	168.56	uniform
339	130.08	168.804	uniform
351	1336.15	168.224	uniform
359	61.75	168.884	uniform
354	24.43	168.604	uniform
366	59.15	168.876	uniform
362	30.4	168.8	uniform
364	290.65	169.408	uniform
349	17.36	168.944	uniform
356	54.77	168.596	uniform
350	487.86	168.828	uniform
352	30.81	169.012	uniform
348	446.89	168.86	uniform
358	103.24	168.3	uniform
361	127.03	168.992	uniform
347	27.74	168.456	uniform
363	131.91	169.028	uniform
360	59.57	168.836	uniform
355	62.93	168.74	uniform
353	30.25	168.388	uniform
365	962.76	168.408	uniform
357	79.44	168.004	uniform
389	115.98	169.308	uniform
392	30.51	167.908	uniform
396	164.82999999999998	169.476	uniform
397	40.67	168.72	uniform
395	2124.81	168.944	uniform
390	24.32	169.204	uniform
399	49.64	168.64	uniform
391	121.8	168.856	uniform
393	78.14	168.548	uniform
400	1593.16	168.852	uniform
373	40.6	168.632	uniform
403	70.69	168.96	uniform
375	140.98	168.692	uniform
404	1638.0	168.06	uniform
374	485.68	168.656	uniform
401	299.33	168.744	uniform
369	93.2	169.012	uniform
402	205.79	168.472	uniform
371	53.7	168.504	uniform
398	73.42	168.496	uniform
376	68.26	168.596	uniform
394	38.92	168.588	uniform
368	38.96	168.716	uniform
370	236.98	168.336	uniform
372	311.48	168.704	uniform
382	39.09	169.272	uniform
386	67.56	168.66	uniform
380	139.54	169.112	uniform
383	172.35	168.748	uniform
379	475.94	168.928	uniform
381	101.0	168.556	uniform
384	128.02	168.788	uniform
385	66.44	168.592	uniform
388	120.91	169.212	uniform
367	67.93	168.212	uniform
377	164.93	168.784	uniform
387	87.75	168.676	uniform
378	54.29	168.364	uniform
412	137.98	168.568	uniform
407	23.73	168.712	uniform
410	53.86	168.624	uniform
408	134.92	168.62	uniform
409	101.04	168.956	uniform
406	73.02	168.908	uniform
411	92.07	168.532	uniform
405	60.56	167.932	uniform
428	73.96000000000001	168.832	uniform
433	123.28	168.2	uniform
419	31.63	168.296	uniform
416	39.43	168.044	uniform
439	306.65	168.396	uniform
422	64.53	168.42	uniform
446	114.66	168.54	uniform
434	119.4	168.196	uniform
421	73.67	168.608	uniform
414	121.47	169.164	uniform
429	91.09	168.376	uniform
417	445.98	168.76	uniform
430	358.13	168.168	uniform
415	19.31	169.14	uniform
413	208.11	167.976	uniform
418	123.2	168.548	uniform
426	71.98	168.232	uniform
431	45.4	168.48	uniform
442	26.53	168.568	uniform
420	109.58	168.072	uniform
432	42.54	168.104	uniform
424	62.37	168.228	uniform
440	108.59	168.224	uniform
452	36.09	169.188	uniform
438	88.14	167.856	uniform
441	18.17	167.952	uniform
436	216.54	168.576	uniform
435	72.03	167.792	uniform
443	51.56	167.88	uniform
445	32.65	168.044	uniform
437	43.04	168.504	uniform
450	236.02	168.192	uniform
449	92.21	168.208	uniform
427	119.35	168.272	uniform
448	85.41	168.536	uniform
447	21.31	167.736	uniform
444	61.27	168.504	uniform
423	34.16	168.76	uniform
425	366.02	168.592	uniform
451	43.3	168.228	uniform
476	29.61	170.816	uniform
474	199.07	167.536	uniform
463	353.19	168.284	uniform
460	22.34	167.652	uniform
469	348.95	168.064	uniform
470	53.94	167.208	uniform
473	62.4	168.308	uniform
475	102.57	168.6	uniform
466	241.9	167.976	uniform
457	76.94	168.316	uniform
455	37.62	169.252	uniform
465	52.15	168.388	uniform
468	203.27	167.856	uniform
458	136.6	167.904	uniform
472	195.12	168.564	uniform
453	122.06	167.996	uniform
462	64.8	168.62	uniform
464	33.6	168.08	uniform
456	86.67	169.44	uniform
471	117.55	168.464	uniform
454	31.34	168.552	uniform
461	380.72	167.856	uniform
459	98.02	168.64	uniform
467	92.03	167.728	uniform
10	242.71	170.16	bpenergy
9	13.78	171.956	bpenergy
11	20.02	169.404	bpenergy
8	14.87	171.824	bpenergy
7	5.52	169.992	bpenergy
12	12.65	170.216	bpenergy
13	13.42	170.304	bpenergy
1	16.35	171.036	bpenergy
2	256.08	171.224	bpenergy
20	57.77	171.564	bpenergy
22	7.32	171.488	bpenergy
19	12.66	171.224	bpenergy
18	13.72	171.536	bpenergy
17	32.81	171.724	bpenergy
15	11.44	170.4	bpenergy
14	19.55	169.976	bpenergy
16	9.4	171.444	bpenergy
21	13.61	171.732	bpenergy
23	12.04	171.64	bpenergy
24	12.95	171.42	bpenergy
30	11.8	170.976	bpenergy
69	19.0	167.384	bpenergy
31	7.17	171.144	bpenergy
28	26.8	170.916	bpenergy
33	9.23	171.708	bpenergy
32	11.58	171.292	bpenergy
29	8.12	171.236	bpenergy
46	32.61	167.736	bpenergy
42	22.53	168.788	bpenergy
25	15.52	171.576	bpenergy
37	6.31	171.74	bpenergy
45	31.83	168.292	bpenergy
38	251.32	171.2	bpenergy
44	114.93	168.832	bpenergy
27	35.33	171.4	bpenergy
41	23.36	168.888	bpenergy
48	17.07	168.336	bpenergy
39	18.98	171.584	bpenergy
43	10.81	168.088	bpenergy
36	237.84	171.7	bpenergy
40	21.56	168.648	bpenergy
26	21.95	171.4	bpenergy
47	36.98	167.92	bpenergy
34	7.71	171.416	bpenergy
50	15.41	167.752	bpenergy
65	72.77	167.564	bpenergy
60	38.17	168.684	bpenergy
56	12.77	168.152	bpenergy
51	33.78	168.9	bpenergy
53	18.6	168.508	bpenergy
52	15.79	168.092	bpenergy
35	11.78	171.152	bpenergy
58	10.68	167.82	bpenergy
55	17.76	167.772	bpenergy
62	47.43	168.176	bpenergy
49	10.95	168.508	bpenergy
59	96.68	168.62	bpenergy
61	12.15	168.116	bpenergy
66	16.02	168.692	bpenergy
63	10.52	168.384	bpenergy
68	40.16	168.572	bpenergy
67	40.09	168.16	bpenergy
64	40.77	167.24	bpenergy
57	13.22	167.652	bpenergy
54	25.18	168.06	bpenergy
70	36.51	167.476	bpenergy
3	14.5	171.004	bpenergy
4	24.72	170.004	bpenergy
5	5.96	169.984	bpenergy
6	9.06	169.984	bpenergy
79	20.99	167.388	bpenergy
78	17.57	167.492	bpenergy
89	25.67	168.056	bpenergy
83	17.15	167.668	bpenergy
87	14.86	168.168	bpenergy
90	17.35	167.8	bpenergy
75	36.84	167.192	bpenergy
77	20.11	167.448	bpenergy
76	24.49	167.82	bpenergy
88	22.78	167.396	bpenergy
86	15.6	167.272	bpenergy
71	1385.87	167.66	bpenergy
94	14.47	168.092	bpenergy
91	40.95	167.86	bpenergy
95	36.89	167.536	bpenergy
100	48.35	167.948	bpenergy
74	29.36	167.26	bpenergy
73	21.07	167.956	bpenergy
101	15.46	167.78	bpenergy
72	23.01	168.208	bpenergy
80	24.71	168.02	bpenergy
97	22.06	167.94	bpenergy
98	20.96	167.396	bpenergy
84	38.02	168.672	bpenergy
81	22.44	167.74	bpenergy
92	29.0	167.94	bpenergy
82	18.11	168.056	bpenergy
99	15.62	167.128	bpenergy
96	86.9	168.86	bpenergy
93	28.93	167.508	bpenergy
85	84.8	168.256	bpenergy
102	31.11	169.992	bpenergy
107	19.78	167.412	bpenergy
109	54.3	167.468	bpenergy
108	13.26	167.62	bpenergy
112	17.35	168.148	bpenergy
110	112.59	167.784	bpenergy
103	49.34	168.108	bpenergy
106	65.51	167.456	bpenergy
105	20.55	168.016	bpenergy
117	20.34	167.496	bpenergy
114	18.29	168.76	bpenergy
113	20.98	167.812	bpenergy
116	17.43	167.076	bpenergy
104	18.15	168.06	bpenergy
111	29.5	167.296	bpenergy
115	18.97	167.96	bpenergy
118	32.33	167.66	bpenergy
120	32.77	168.284	bpenergy
121	35.62	168.304	bpenergy
126	18.79	167.584	bpenergy
124	50.16	167.592	bpenergy
125	34.01	168.448	bpenergy
123	16.01	167.036	bpenergy
119	24.72	167.08	bpenergy
129	27.17	168.032	bpenergy
133	29.7	167.76	bpenergy
122	46.89	168.52	bpenergy
134	31.47	168.096	bpenergy
132	12.96	168.16	bpenergy
127	14.46	168.312	bpenergy
135	75.87	168.652	bpenergy
131	16.74	167.508	bpenergy
128	17.0	168.14	bpenergy
130	16.39	169.016	bpenergy
203	9.84	171.04	bpenergy
172	27.02	168.132	bpenergy
182	14.66	167.876	bpenergy
184	14.96	168.12	bpenergy
166	12.34	168.156	bpenergy
165	25.92	167.42	bpenergy
151	20.18	167.728	bpenergy
156	29.2	168.524	bpenergy
185	84.13	171.464	bpenergy
186	9.6	169.984	bpenergy
190	12.39	171.736	bpenergy
181	24.42	167.42	bpenergy
164	19.99	168.34	bpenergy
177	12.54	167.7	bpenergy
179	15.13	167.964	bpenergy
137	43.71	168.268	bpenergy
140	29.85	167.272	bpenergy
191	15.57	171.56	bpenergy
188	13.04	169.908	bpenergy
162	21.45	167.488	bpenergy
170	32.37	168.312	bpenergy
198	6.6	169.964	bpenergy
189	14.69	171.228	bpenergy
180	64.02	167.792	bpenergy
146	25.78	168.092	bpenergy
168	19.0	167.332	bpenergy
197	16.26	170.952	bpenergy
157	131.63	168.192	bpenergy
178	51.88	167.368	bpenergy
175	13.38	168.452	bpenergy
160	11.84	167.868	bpenergy
154	15.42	167.444	bpenergy
163	31.89	168.248	bpenergy
167	32.3	168.032	bpenergy
138	20.56	168.628	bpenergy
193	20.18	169.804	bpenergy
169	18.8	168.148	bpenergy
145	15.33	168.28	bpenergy
147	12.25	168.232	bpenergy
196	7.51	172.068	bpenergy
142	19.96	167.628	bpenergy
187	17.48	169.992	bpenergy
155	75.95	168.252	bpenergy
153	16.92	168.024	bpenergy
183	15.34	167.652	bpenergy
141	13.24	167.792	bpenergy
144	15.9	166.428	bpenergy
149	45.95	168.592	bpenergy
158	14.96	167.884	bpenergy
143	14.67	167.412	bpenergy
159	26.75	168.528	bpenergy
199	13.53	171.092	bpenergy
171	64.08	168.688	bpenergy
174	17.81	167.02	bpenergy
139	23.71	168.252	bpenergy
195	14.75	169.984	bpenergy
148	14.15	168.464	bpenergy
176	79.73	167.696	bpenergy
173	27.1	167.64	bpenergy
150	17.58	167.236	bpenergy
161	29.59	167.232	bpenergy
192	168.89	169.912	bpenergy
152	35.44	168.348	bpenergy
194	12.58	171.548	bpenergy
136	45.9	167.972	bpenergy
218	18.75	170.888	bpenergy
213	12.45	171.184	bpenergy
223	17.95	168.956	bpenergy
202	7.59	169.896	bpenergy
224	152.2	171.56	bpenergy
211	11.74	169.988	bpenergy
220	10.73	171.268	bpenergy
214	51.57	169.988	bpenergy
217	210.14	169.668	bpenergy
215	8.58	169.984	bpenergy
219	8.44	170.02	bpenergy
216	27.09	171.464	bpenergy
221	25.58	171.344	bpenergy
222	6.52	168.972	bpenergy
200	7.43	169.988	bpenergy
212	8.0	172.02	bpenergy
205	11.59	169.796	bpenergy
207	10.0	171.124	bpenergy
206	11.84	171.916	bpenergy
210	8.37	170.52	bpenergy
204	8.9	171.924	bpenergy
201	1525.86	171.884	bpenergy
209	7.32	172.104	bpenergy
208	8.6	170.984	bpenergy
304	6.9	171.712	bpenergy
405	7.64	169.992	bpenergy
228	150.34	170.712	bpenergy
234	16.14	168.996	bpenergy
232	6.59	169.932	bpenergy
236	14.26	171.42	bpenergy
233	14.45	171.184	bpenergy
235	67.82	171.756	bpenergy
227	14.59	169.992	bpenergy
231	19.81	171.688	bpenergy
241	15.93	171.512	bpenergy
243	29.96	169.896	bpenergy
247	27.93	170.768	bpenergy
237	6.87	172.044	bpenergy
225	7.44	169.02	bpenergy
230	12.56	171.152	bpenergy
246	7.4	171.62	bpenergy
226	22.22	171.664	bpenergy
242	6.82	171.632	bpenergy
245	16.46	171.24	bpenergy
248	8.23	169.988	bpenergy
238	7.23	171.4	bpenergy
239	15.08	171.416	bpenergy
240	17.68	171.728	bpenergy
244	10.54	171.06	bpenergy
229	9.87	171.72	bpenergy
356	9.88	171.34	bpenergy
352	8.55	170.892	bpenergy
349	5.27	172.084	bpenergy
358	21.45	171.2	bpenergy
346	206.13	170.912	bpenergy
365	118.28	171.96	bpenergy
354	10.09	171.476	bpenergy
351	118.94	171.364	bpenergy
359	13.89	171.5	bpenergy
355	8.42	169.992	bpenergy
367	9.77	170.008	bpenergy
360	12.13	171.14	bpenergy
363	60.78	170.924	bpenergy
350	210.97	171.788	bpenergy
357	9.9	171.5	bpenergy
353	9.69	171.296	bpenergy
347	9.73	170.408	bpenergy
369	18.05	170.804	bpenergy
364	15.04	169.816	bpenergy
366	7.7	171.704	bpenergy
348	91.85	171.176	bpenergy
368	7.48	170.8	bpenergy
362	7.52	169.984	bpenergy
361	12.86	169.992	bpenergy
377	22.78	169.828	bpenergy
385	10.39	170.688	bpenergy
393	9.31	171.268	bpenergy
375	24.52	169.984	bpenergy
371	17.79	171.732	bpenergy
372	90.68	169.988	bpenergy
380	11.08	170.004	bpenergy
390	7.29	168.972	bpenergy
376	15.41	169.74	bpenergy
381	20.75	171.94	bpenergy
378	10.27	171.776	bpenergy
374	43.69	170.556	bpenergy
370	34.01	171.848	bpenergy
373	8.64	172.144	bpenergy
389	12.11	169.984	bpenergy
382	8.5	171.104	bpenergy
379	88.27	170.76	bpenergy
392	8.97	170.88	bpenergy
388	25.7	169.82	bpenergy
386	12.12	170.668	bpenergy
391	15.76	170.78	bpenergy
384	10.34	172.108	bpenergy
383	24.9	171.604	bpenergy
387	16.1	171.548	bpenergy
308	6.36	169.52	bpenergy
318	22.57	170.964	bpenergy
302	6.93	171.0	bpenergy
313	19.04	171.108	bpenergy
310	11.02	170.2	bpenergy
299	19.29	171.316	bpenergy
303	38.93	171.168	bpenergy
315	5.74	171.552	bpenergy
300	9.79	171.052	bpenergy
306	6.69	169.992	bpenergy
314	12.75	171.472	bpenergy
297	17.11	169.992	bpenergy
298	1545.55	170.976	bpenergy
317	22.11	170.384	bpenergy
305	15.55	171.872	bpenergy
307	160.04	170.78	bpenergy
301	30.17	172.028	bpenergy
316	17.05	171.748	bpenergy
309	210.39	171.092	bpenergy
321	13.51	169.988	bpenergy
312	48.16	170.392	bpenergy
319	12.19	169.988	bpenergy
320	37.58	171.364	bpenergy
311	44.06	170.892	bpenergy
278	8.53	171.844	bpenergy
275	19.84	171.096	bpenergy
279	97.32	171.284	bpenergy
281	10.3	171.448	bpenergy
295	7.37	170.512	bpenergy
276	56.4	170.88	bpenergy
280	9.93	171.58	bpenergy
293	8.8	171.144	bpenergy
274	72.59	171.82	bpenergy
283	27.93	170.968	bpenergy
273	59.1	171.876	bpenergy
282	25.46	170.856	bpenergy
287	26.85	171.524	bpenergy
286	47.53	171.848	bpenergy
291	12.0	171.436	bpenergy
285	8.7	170.572	bpenergy
277	26.99	171.276	bpenergy
288	10.1	170.272	bpenergy
294	22.32	170.844	bpenergy
290	67.67	170.488	bpenergy
296	39.25	170.868	bpenergy
289	10.05	170.94	bpenergy
284	12.99	170.272	bpenergy
292	20.73	171.54	bpenergy
260	260.37	170.804	bpenergy
252	24.03	169.952	bpenergy
249	6.73	171.412	bpenergy
250	12.18	171.02	bpenergy
256	12.69	171.028	bpenergy
267	11.26	168.972	bpenergy
258	7.34	169.988	bpenergy
257	13.09	172.108	bpenergy
263	6.94	171.76	bpenergy
269	11.52	171.652	bpenergy
253	7.03	171.676	bpenergy
262	13.5	171.316	bpenergy
270	8.7	171.052	bpenergy
265	87.87	170.9	bpenergy
272	13.78	169.996	bpenergy
255	11.49	171.088	bpenergy
271	232.37	172.368	bpenergy
266	966.37	171.14	bpenergy
251	6.96	169.86	bpenergy
399	9.85	171.308	bpenergy
259	6.07	171.448	bpenergy
395	369.95	170.54	bpenergy
268	11.25	169.992	bpenergy
401	28.26	170.036	bpenergy
254	79.68	169.864	bpenergy
410	8.38	171.244	bpenergy
264	20.94	171.14	bpenergy
416	15.82	171.776	bpenergy
261	9.08	171.016	bpenergy
403	12.48	171.352	bpenergy
394	9.54	171.016	bpenergy
415	7.5	170.232	bpenergy
398	8.19	170.788	bpenergy
411	12.49	171.58	bpenergy
407	7.93	171.832	bpenergy
412	9.28	171.752	bpenergy
418	13.61	169.988	bpenergy
414	44.34	171.572	bpenergy
396	13.1	171.936	bpenergy
417	104.27	171.308	bpenergy
409	25.87	171.192	bpenergy
408	24.55	171.328	bpenergy
397	6.67	171.476	bpenergy
406	9.48	171.572	bpenergy
402	26.5	170.684	bpenergy
400	392.29	170.856	bpenergy
413	28.73	171.488	bpenergy
404	194.93	170.656	bpenergy
428	15.45	171.148	bpenergy
427	9.4	171.468	bpenergy
423	9.15	171.216	bpenergy
426	22.35	169.9	bpenergy
429	14.34	170.548	bpenergy
421	9.34	169.996	bpenergy
432	8.33	171.572	bpenergy
422	8.58	171.712	bpenergy
433	23.18	171.404	bpenergy
424	11.66	170.092	bpenergy
441	5.92	171.884	bpenergy
435	18.0	169.992	bpenergy
419	8.67	171.524	bpenergy
438	12.93	171.564	bpenergy
425	38.5	171.488	bpenergy
431	9.72	171.644	bpenergy
436	30.12	171.812	bpenergy
439	50.02	171.1	bpenergy
434	27.53	171.604	bpenergy
442	8.82	169.992	bpenergy
440	23.91	171.348	bpenergy
437	9.81	170.928	bpenergy
420	11.4	171.748	bpenergy
430	38.75	170.0	bpenergy
453	19.19	171.092	bpenergy
462	10.89	171.152	bpenergy
458	23.17	170.276	bpenergy
465	6.73	170.004	bpenergy
460	8.99	170.596	bpenergy
464	7.96	170.896	bpenergy
443	14.04	172.004	bpenergy
454	8.66	170.876	bpenergy
444	9.28	169.924	bpenergy
457	29.9	171.5	bpenergy
447	6.62	170.96	bpenergy
451	9.29	170.952	bpenergy
452	9.42	171.068	bpenergy
463	54.48	169.988	bpenergy
459	7.9	171.248	bpenergy
450	41.82	170.848	bpenergy
448	17.08	171.24	bpenergy
455	11.77	170.076	bpenergy
456	9.77	171.444	bpenergy
446	23.97	170.872	bpenergy
461	42.98	171.148	bpenergy
466	45.54	172.052	bpenergy
445	7.89	171.396	bpenergy
449	16.42	170.552	bpenergy
324	73.61	171.056	bpenergy
333	17.63	171.144	bpenergy
329	14.59	169.984	bpenergy
325	22.37	170.936	bpenergy
326	11.2	171.576	bpenergy
323	33.35	171.764	bpenergy
335	16.12	171.0	bpenergy
341	54.68	172.316	bpenergy
331	23.3	170.212	bpenergy
328	10.36	171.224	bpenergy
322	17.2	170.0	bpenergy
337	24.13	169.996	bpenergy
327	8.27	169.456	bpenergy
332	16.57	171.228	bpenergy
330	7.3	170.892	bpenergy
342	305.12	171.096	bpenergy
344	11.68	171.208	bpenergy
340	16.1	171.696	bpenergy
339	31.65	171.18	bpenergy
334	19.74	169.992	bpenergy
343	11.2	170.756	bpenergy
336	27.72	172.308	bpenergy
338	7.82	171.008	bpenergy
345	12.02	171.988	bpenergy
471	24.97	170.82	bpenergy
472	16.86	171.888	bpenergy
468	18.27	171.812	bpenergy
475	44.15	171.464	bpenergy
474	16.39	171.86	bpenergy
473	14.07	172.036	bpenergy
467	26.79	171.104	bpenergy
476	7.07	169.984	bpenergy
470	11.24	170.0	bpenergy
469	41.46	171.896	bpenergy
3	282.77	171.34	bpenergy_halfC
1	476.24	170.896	bpenergy_halfC
7	30.04	170.804	bpenergy_halfC
8	151.57999999999998	171.068	bpenergy_halfC
11	300.02	171.444	bpenergy_halfC
2	3756.0	171.18	bpenergy_halfC
5	31.63	170.864	bpenergy_halfC
10	3233.86	171.22	bpenergy_halfC
6	142.56	171.292	bpenergy_halfC
13	151.88	170.444	bpenergy_halfC
9	261.71	171.396	bpenergy_halfC
12	99.94	170.804	bpenergy_halfC
4	172.57999999999998	170.764	bpenergy_halfC
36	4709.0	171.384	bpenergy_halfC
38	5125.0	171.02	bpenergy_halfC
45	1322.37	170.764	bpenergy_halfC
39	881.91	171.072	bpenergy_halfC
40	123.86	171.208	bpenergy_halfC
44	843.37	170.88	bpenergy_halfC
37	15.36	171.356	bpenergy_halfC
32	143.32999999999998	171.076	bpenergy_halfC
41	586.81	171.34	bpenergy_halfC
34	82.41	171.064	bpenergy_halfC
42	141.49	170.948	bpenergy_halfC
43	38.33	171.208	bpenergy_halfC
33	252.67	171.028	bpenergy_halfC
35	89.45	171.268	bpenergy_halfC
28	246.21	171.044	bpenergy_halfC
29	187.35	171.592	bpenergy_halfC
25	308.74	170.804	bpenergy_halfC
21	339.53	171.444	bpenergy_halfC
19	84.37	170.876	bpenergy_halfC
23	91.76	171.42	bpenergy_halfC
16	62.82	170.616	bpenergy_halfC
27	846.22	170.856	bpenergy_halfC
15	233.22	170.712	bpenergy_halfC
24	528.67	171.34	bpenergy_halfC
31	49.5	170.924	bpenergy_halfC
30	242.15	171.208	bpenergy_halfC
22	57.8	170.796	bpenergy_halfC
26	550.93	171.276	bpenergy_halfC
14	74.78	171.172	bpenergy_halfC
20	219.46	171.02	bpenergy_halfC
17	586.68	172.04	bpenergy_halfC
18	48.93	170.912	bpenergy_halfC
47	311.22	169.968	bpenergy_halfC
49	88.24	170.22	bpenergy_halfC
51	123.01	170.528	bpenergy_halfC
62	169.71	171.292	bpenergy_halfC
66	136.14	170.66	bpenergy_halfC
61	60.45	171.056	bpenergy_halfC
67	453.31	171.764	bpenergy_halfC
56	85.75	170.024	bpenergy_halfC
63	282.82	171.188	bpenergy_halfC
59	1089.91	170.656	bpenergy_halfC
65	468.14	170.952	bpenergy_halfC
53	95.96	170.464	bpenergy_halfC
50	155.49	170.82	bpenergy_halfC
58	138.69	170.648	bpenergy_halfC
54	91.77	171.016	bpenergy_halfC
52	157.55	171.108	bpenergy_halfC
64	88.95	171.312	bpenergy_halfC
48	162.13	170.468	bpenergy_halfC
60	200.43	170.752	bpenergy_halfC
55	39.2	170.964	bpenergy_halfC
46	358.74	170.94	bpenergy_halfC
69	231.25	170.74	bpenergy_halfC
57	225.6	170.548	bpenergy_halfC
68	1101.26	171.152	bpenergy_halfC
73	155.21	170.228	bpenergy_halfC
74	891.91	170.336	bpenergy_halfC
92	79.37	169.564	bpenergy_halfC
86	93.84	169.796	bpenergy_halfC
76	722.92	170.404	bpenergy_halfC
90	55.2	170.82	bpenergy_halfC
71	6298.0	170.44	bpenergy_halfC
83	250.29	170.52	bpenergy_halfC
79	160.92000000000002	170.544	bpenergy_halfC
75	286.46	169.612	bpenergy_halfC
72	145.66	170.372	bpenergy_halfC
87	64.59	171.18	bpenergy_halfC
88	273.11	170.188	bpenergy_halfC
78	49.59	169.68	bpenergy_halfC
81	726.55	170.308	bpenergy_halfC
82	85.46000000000001	169.74	bpenergy_halfC
96	329.8	170.004	bpenergy_halfC
80	628.68	170.148	bpenergy_halfC
70	116.86	170.316	bpenergy_halfC
95	194.79	170.428	bpenergy_halfC
91	528.67	169.432	bpenergy_halfC
97	227.65	171.32	bpenergy_halfC
84	277.41	169.38	bpenergy_halfC
100	1123.79	170.308	bpenergy_halfC
98	87.6	169.084	bpenergy_halfC
85	866.97	170.352	bpenergy_halfC
89	1210.24	170.384	bpenergy_halfC
101	182.21	170.948	bpenergy_halfC
99	56.75	170.464	bpenergy_halfC
94	78.73	170.112	bpenergy_halfC
93	608.32	171.22	bpenergy_halfC
77	538.41	170.08	bpenergy_halfC
178	250.51	170.012	bpenergy_halfC
179	77.94	169.84	bpenergy_halfC
177	65.58	169.996	bpenergy_halfC
182	63.89	169.992	bpenergy_halfC
173	98.66	169.992	bpenergy_halfC
176	366.14	171.016	bpenergy_halfC
175	111.12	169.988	bpenergy_halfC
181	144.41	169.992	bpenergy_halfC
174	101.18	169.996	bpenergy_halfC
184	226.28	169.796	bpenergy_halfC
180	698.12	169.992	bpenergy_halfC
183	83.32	169.988	bpenergy_halfC
185	1645.28	168.788	bpenergy_halfC
144	233.62	168.96	bpenergy_halfC
132	35.26	169.992	bpenergy_halfC
117	43.37	169.56	bpenergy_halfC
125	363.23	169.996	bpenergy_halfC
114	130.34	169.756	bpenergy_halfC
112	248.96	170.008	bpenergy_halfC
120	182.99	168.724	bpenergy_halfC
113	109.08	169.992	bpenergy_halfC
136	660.15	169.996	bpenergy_halfC
116	87.48	171.008	bpenergy_halfC
156	517.09	169.992	bpenergy_halfC
115	587.27	169.988	bpenergy_halfC
126	412.26	169.988	bpenergy_halfC
123	88.58	169.988	bpenergy_halfC
129	229.07	169.992	bpenergy_halfC
124	266.21	169.988	bpenergy_halfC
118	2120.59	169.988	bpenergy_halfC
122	315.79	169.584	bpenergy_halfC
119	64.02	168.804	bpenergy_halfC
111	284.38	169.992	bpenergy_halfC
155	285.62	168.968	bpenergy_halfC
138	89.44	169.984	bpenergy_halfC
110	2781.63	168.976	bpenergy_halfC
109	513.92	168.848	bpenergy_halfC
102	367.05	170.52	bpenergy_halfC
108	52.51	170.1	bpenergy_halfC
105	151.5	170.076	bpenergy_halfC
190	482.58	169.992	bpenergy_halfC
104	452.3	170.212	bpenergy_halfC
188	375.88	168.968	bpenergy_halfC
189	152.51	169.332	bpenergy_halfC
103	149.01	170.544	bpenergy_halfC
106	548.9	170.056	bpenergy_halfC
107	266.21	169.764	bpenergy_halfC
225	59.45	169.752	bpenergy_halfC
128	166.49	169.984	bpenergy_halfC
193	220.22	168.808	bpenergy_halfC
134	169.89	169.992	bpenergy_halfC
226	532.96	170.008	bpenergy_halfC
202	75.32	169.984	bpenergy_halfC
142	65.23	169.988	bpenergy_halfC
218	173.86	169.992	bpenergy_halfC
139	332.03	170.004	bpenergy_halfC
140	3259.72	169.996	bpenergy_halfC
130	67.01	169.984	bpenergy_halfC
137	644.02	169.984	bpenergy_halfC
186	59.99	169.992	bpenergy_halfC
207	137.35	169.872	bpenergy_halfC
227	268.31	169.848	bpenergy_halfC
208	69.98	168.972	bpenergy_halfC
131	168.79	169.8	bpenergy_halfC
135	876.68	169.436	bpenergy_halfC
143	124.92	169.984	bpenergy_halfC
237	92.64	170.688	bpenergy_halfC
245	85.57	170.1	bpenergy_halfC
240	298.71	171.596	bpenergy_halfC
243	766.92	170.94	bpenergy_halfC
235	440.02	171.352	bpenergy_halfC
241	117.37	170.496	bpenergy_halfC
250	196.27	171.036	bpenergy_halfC
236	143.68	171.12	bpenergy_halfC
244	53.9	171.22	bpenergy_halfC
238	43.71	171.98	bpenergy_halfC
239	49.53	170.928	bpenergy_halfC
247	239.11	171.96	bpenergy_halfC
246	185.42	170.744	bpenergy_halfC
251	41.92	171.224	bpenergy_halfC
248	77.41	171.148	bpenergy_halfC
242	34.79	171.268	bpenergy_halfC
249	93.6	170.468	bpenergy_halfC
195	99.57	168.976	bpenergy_halfC
198	60.58	171.02	bpenergy_halfC
266	7047.0	171.612	bpenergy_halfC
191	95.66	169.996	bpenergy_halfC
259	24.54	170.784	bpenergy_halfC
199	139.9	170.012	bpenergy_halfC
252	318.67	172.416	bpenergy_halfC
264	533.91	171.728	bpenergy_halfC
253	30.61	171.172	bpenergy_halfC
254	1090.8	171.548	bpenergy_halfC
269	105.1	171.844	bpenergy_halfC
260	522.53	171.864	bpenergy_halfC
214	1065.55	170.0	bpenergy_halfC
258	469.01	170.812	bpenergy_halfC
267	476.57	172.116	bpenergy_halfC
257	76.72	171.332	bpenergy_halfC
263	76.6	171.84	bpenergy_halfC
255	231.9	171.76	bpenergy_halfC
150	69.92	169.996	bpenergy_halfC
265	346.8	171.012	bpenergy_halfC
219	29.39	169.264	bpenergy_halfC
270	31.42	170.944	bpenergy_halfC
256	95.24	171.46	bpenergy_halfC
262	65.52	171.3	bpenergy_halfC
268	213.36	171.016	bpenergy_halfC
261	77.02	171.116	bpenergy_halfC
145	96.75	169.988	bpenergy_halfC
212	61.74	168.98	bpenergy_halfC
121	154.8	169.996	bpenergy_halfC
228	1070.13	169.988	bpenergy_halfC
147	55.57	169.996	bpenergy_halfC
288	126.4	170.892	bpenergy_halfC
273	528.58	171.276	bpenergy_halfC
289	32.4	171.504	bpenergy_halfC
284	89.93	170.812	bpenergy_halfC
283	360.39	171.428	bpenergy_halfC
279	500.37	171.644	bpenergy_halfC
217	549.78	169.988	bpenergy_halfC
287	156.53	171.348	bpenergy_halfC
275	55.7	171.736	bpenergy_halfC
281	160.85	171.312	bpenergy_halfC
280	55.56	170.972	bpenergy_halfC
274	2834.58	171.168	bpenergy_halfC
169	103.99	171.024	bpenergy_halfC
277	222.14	172.088	bpenergy_halfC
286	557.98	170.668	bpenergy_halfC
282	445.37	171.388	bpenergy_halfC
276	596.92	172.42	bpenergy_halfC
272	65.5	171.316	bpenergy_halfC
285	86.18	171.328	bpenergy_halfC
278	118.09	171.304	bpenergy_halfC
271	4083.0	171.16	bpenergy_halfC
230	216.71	169.996	bpenergy_halfC
229	64.75	169.984	bpenergy_halfC
151	187.69	169.984	bpenergy_halfC
148	27.62	169.984	bpenergy_halfC
152	391.69	169.992	bpenergy_halfC
213	106.14	168.968	bpenergy_halfC
153	98.33	170.02	bpenergy_halfC
206	125.39	169.984	bpenergy_halfC
320	587.12	171.416	bpenergy_halfC
323	336.02	170.964	bpenergy_halfC
315	46.06	172.136	bpenergy_halfC
319	148.15	171.56	bpenergy_halfC
318	102.06	172.132	bpenergy_halfC
312	958.97	171.444	bpenergy_halfC
328	66.42	171.584	bpenergy_halfC
317	102.68	171.016	bpenergy_halfC
316	210.9	171.664	bpenergy_halfC
314	104.2	171.084	bpenergy_halfC
187	300.99	169.952	bpenergy_halfC
311	278.69	170.968	bpenergy_halfC
322	127.81	171.396	bpenergy_halfC
327	30.43	171.688	bpenergy_halfC
313	247.78	171.436	bpenergy_halfC
326	81.52	171.132	bpenergy_halfC
329	324.97	171.524	bpenergy_halfC
321	110.55	171.36	bpenergy_halfC
330	42.07	171.032	bpenergy_halfC
324	414.54	171.2	bpenergy_halfC
325	127.19	171.124	bpenergy_halfC
205	131.41	169.868	bpenergy_halfC
222	29.45	169.996	bpenergy_halfC
223	501.11	169.996	bpenergy_halfC
348	923.85	170.816	bpenergy_halfC
231	112.94	169.992	bpenergy_halfC
343	65.38	171.672	bpenergy_halfC
332	202.96	171.74	bpenergy_halfC
336	161.47	171.556	bpenergy_halfC
342	3244.11	171.496	bpenergy_halfC
339	488.67	171.364	bpenergy_halfC
345	148.11	171.932	bpenergy_halfC
338	242.04	171.196	bpenergy_halfC
335	54.59	170.976	bpenergy_halfC
340	122.59	171.656	bpenergy_halfC
349	17.27	170.54	bpenergy_halfC
331	1078.5	170.764	bpenergy_halfC
341	178.16	171.524	bpenergy_halfC
351	3240.9	171.496	bpenergy_halfC
346	756.86	171.888	bpenergy_halfC
344	195.33	171.308	bpenergy_halfC
220	331.35	169.76	bpenergy_halfC
334	769.69	171.712	bpenergy_halfC
210	70.01	169.984	bpenergy_halfC
337	718.07	171.656	bpenergy_halfC
333	376.54	170.896	bpenergy_halfC
353	60.58	170.92	bpenergy_halfC
350	2091.92	172.076	bpenergy_halfC
360	48.96	172.176	bpenergy_halfC
347	41.63	171.316	bpenergy_halfC
354	127.11	170.64	bpenergy_halfC
362	54.15	171.932	bpenergy_halfC
367	217.66	170.836	bpenergy_halfC
352	39.64	170.76	bpenergy_halfC
364	426.11	171.648	bpenergy_halfC
379	524.05	171.74	bpenergy_halfC
355	159.16	171.472	bpenergy_halfC
376	141.53	171.972	bpenergy_halfC
361	313.7	171.252	bpenergy_halfC
382	76.61	171.548	bpenergy_halfC
209	56.03	169.892	bpenergy_halfC
358	232.71	170.496	bpenergy_halfC
380	465.15	170.984	bpenergy_halfC
357	83.09	171.568	bpenergy_halfC
393	116.15	171.98	bpenergy_halfC
359	68.77	171.268	bpenergy_halfC
388	176.87	171.332	bpenergy_halfC
366	78.71000000000001	171.384	bpenergy_halfC
374	771.44	171.692	bpenergy_halfC
356	75.49	171.116	bpenergy_halfC
172	361.37	168.968	bpenergy_halfC
383	398.6	171.7	bpenergy_halfC
363	263.5	171.708	bpenergy_halfC
391	360.89	171.192	bpenergy_halfC
365	694.66	171.812	bpenergy_halfC
377	386.25	171.548	bpenergy_halfC
369	179.14	171.396	bpenergy_halfC
386	150.56	171.508	bpenergy_halfC
371	55.45	171.344	bpenergy_halfC
385	118.61	171.296	bpenergy_halfC
372	436.41	171.172	bpenergy_halfC
203	99.77	170.008	bpenergy_halfC
375	325.35	171.264	bpenergy_halfC
368	63.19	171.66	bpenergy_halfC
378	123.24	171.532	bpenergy_halfC
373	48.72	171.912	bpenergy_halfC
390	64.5	171.376	bpenergy_halfC
370	728.62	171.628	bpenergy_halfC
381	279.26	171.476	bpenergy_halfC
384	206.17	171.728	bpenergy_halfC
387	121.34	171.884	bpenergy_halfC
392	88.59	171.508	bpenergy_halfC
389	153.9	171.896	bpenergy_halfC
149	415.35	168.976	bpenergy_halfC
394	79.31	170.956	bpenergy_halfC
402	447.03	171.428	bpenergy_halfC
415	63.45	171.804	bpenergy_halfC
403	115.11	171.288	bpenergy_halfC
161	77.63	168.892	bpenergy_halfC
398	205.92	171.136	bpenergy_halfC
192	380.97	169.144	bpenergy_halfC
397	71.28999999999999	171.852	bpenergy_halfC
154	40.49	169.988	bpenergy_halfC
396	449.83	171.496	bpenergy_halfC
416	44.82	171.688	bpenergy_halfC
407	81.44	171.288	bpenergy_halfC
159	533.22	168.968	bpenergy_halfC
411	363.85	171.176	bpenergy_halfC
405	115.51	171.408	bpenergy_halfC
404	3259.49	172.172	bpenergy_halfC
401	477.33	170.952	bpenergy_halfC
410	67.41	171.972	bpenergy_halfC
399	118.59	171.848	bpenergy_halfC
408	1803.26	170.996	bpenergy_halfC
417	332.35	171.688	bpenergy_halfC
412	250.22	171.0	bpenergy_halfC
413	508.15	170.908	bpenergy_halfC
414	239.86	171.648	bpenergy_halfC
158	56.54	168.968	bpenergy_halfC
409	96.73	171.484	bpenergy_halfC
406	290.3	171.148	bpenergy_halfC
211	146.03	170.004	bpenergy_halfC
221	100.74	171.016	bpenergy_halfC
133	254.71	169.992	bpenergy_halfC
196	18.78	169.992	bpenergy_halfC
201	2236.04	169.984	bpenergy_halfC
224	3514.5	169.756	bpenergy_halfC
171	926.68	169.996	bpenergy_halfC
232	61.06	168.972	bpenergy_halfC
234	192.38	169.084	bpenergy_halfC
233	56.96	170.004	bpenergy_halfC
216	286.76	171.008	bpenergy_halfC
194	157.85	171.788	bpenergy_halfC
215	115.42	171.024	bpenergy_halfC
166	31.71	168.968	bpenergy_halfC
162	540.17	169.992	bpenergy_halfC
160	26.25	169.984	bpenergy_halfC
165	85.55	169.992	bpenergy_halfC
197	200.66	170.0	bpenergy_halfC
163	67.0	169.844	bpenergy_halfC
204	41.58	169.988	bpenergy_halfC
200	49.9	170.004	bpenergy_halfC
146	174.43	169.992	bpenergy_halfC
127	131.91	171.016	bpenergy_halfC
170	400.04	169.952	bpenergy_halfC
141	76.8	169.996	bpenergy_halfC
168	233.6	169.992	bpenergy_halfC
437	71.05	171.524	bpenergy_halfC
418	250.47	171.984	bpenergy_halfC
435	101.73	171.616	bpenergy_halfC
422	48.11	172.112	bpenergy_halfC
440	166.53	170.86	bpenergy_halfC
434	241.9	171.604	bpenergy_halfC
433	129.39	171.536	bpenergy_halfC
432	198.01	171.892	bpenergy_halfC
439	469.52	171.64	bpenergy_halfC
420	431.28	171.572	bpenergy_halfC
436	586.99	171.828	bpenergy_halfC
430	1215.74	171.404	bpenergy_halfC
441	13.7	171.376	bpenergy_halfC
421	67.25	171.492	bpenergy_halfC
428	126.25	171.288	bpenergy_halfC
419	52.83	171.228	bpenergy_halfC
425	1019.48	171.196	bpenergy_halfC
426	136.71	172.0	bpenergy_halfC
438	87.3	171.664	bpenergy_halfC
427	156.17000000000002	171.7	bpenergy_halfC
431	82.25	171.492	bpenergy_halfC
424	54.71	170.98	bpenergy_halfC
423	51.6	172.156	bpenergy_halfC
429	222.37	171.408	bpenergy_halfC
164	377.56	169.988	bpenergy_halfC
167	273.77	169.892	bpenergy_halfC
157	647.09	169.644	bpenergy_halfC
473	211.71	170.812	bpenergy_halfC
474	272.53	171.296	bpenergy_halfC
469	728.83	170.96	bpenergy_halfC
467	132.6	170.796	bpenergy_halfC
475	525.14	170.908	bpenergy_halfC
468	257.14	171.16	bpenergy_halfC
471	113.7	171.616	bpenergy_halfC
476	155.63	170.952	bpenergy_halfC
466	301.31	170.62	bpenergy_halfC
472	406.14	171.228	bpenergy_halfC
470	140.8	170.936	bpenergy_halfC
446	175.76	171.54	bpenergy_halfC
452	41.89	171.248	bpenergy_halfC
443	155.51	171.784	bpenergy_halfC
445	45.54	171.26	bpenergy_halfC
451	137.87	171.716	bpenergy_halfC
442	25.88	171.512	bpenergy_halfC
444	111.58	170.872	bpenergy_halfC
450	358.63	171.48	bpenergy_halfC
449	123.55	171.448	bpenergy_halfC
453	76.42	171.24	bpenergy_halfC
448	184.21	171.96	bpenergy_halfC
447	14.16	171.536	bpenergy_halfC
463	226.19	171.38	bpenergy_halfC
460	44.28	171.852	bpenergy_halfC
461	431.74	171.744	bpenergy_halfC
465	83.57	170.88	bpenergy_halfC
462	80.11	171.084	bpenergy_halfC
464	38.2	171.512	bpenergy_halfC
458	182.55	171.844	bpenergy_halfC
454	46.02	171.572	bpenergy_halfC
459	135.65	171.044	bpenergy_halfC
457	115.41	171.612	bpenergy_halfC
455	46.83	171.636	bpenergy_halfC
456	92.21	172.024	bpenergy_halfC
306	33.16	171.632	bpenergy_halfC
304	80.84	171.544	bpenergy_halfC
293	38.96	171.076	bpenergy_halfC
298	4309.0	171.052	bpenergy_halfC
295	17.46	171.316	bpenergy_halfC
299	443.27	171.228	bpenergy_halfC
308	55.3	171.16	bpenergy_halfC
307	1931.43	171.384	bpenergy_halfC
296	324.23	171.12	bpenergy_halfC
292	209.3	172.296	bpenergy_halfC
305	223.51	171.268	bpenergy_halfC
300	42.42	171.16	bpenergy_halfC
297	165.89	170.68	bpenergy_halfC
290	895.29	171.508	bpenergy_halfC
310	60.57	171.572	bpenergy_halfC
301	276.07	170.904	bpenergy_halfC
302	23.99	171.272	bpenergy_halfC
303	538.01	171.276	bpenergy_halfC
294	101.28	171.892	bpenergy_halfC
291	86.01	171.728	bpenergy_halfC
7	21.41	213.992	linearbp
11	96.55	221.648	linearbp
5	18.93	222.044	linearbp
10	1477.57	1333.94	linearbp
8	91.93	220.664	linearbp
6	85.61	215.028	linearbp
3	59.06	230.276	linearbp
9	50.18	214.116	linearbp
14	58.91	220.22	linearbp
12	38.54	214.084	linearbp
1	65.47	215.136	linearbp
2	919.36	230.608	linearbp
13	115.52	221.164	linearbp
4	91.98	221.3	linearbp
61	45.36	221.856	linearbp
49	39.39	230.056	linearbp
62	195.02	220.04	linearbp
64	32.61	334.212	linearbp
50	38.32	215.132	linearbp
55	37.22	214.124	linearbp
65	133.28	222.072	linearbp
59	312.41	229.892	linearbp
60	44.93	222.164	linearbp
30	189.94	220.064	linearbp
63	105.76	221.244	linearbp
17	156.53	221.928	linearbp
51	48.33	230.412	linearbp
15	97.13	219.768	linearbp
52	106.27	219.52	linearbp
16	25.95	220.768	linearbp
54	32.98	222.688	linearbp
23	58.44	231.012	linearbp
58	70.28	220.68	linearbp
28	147.66	215.232	linearbp
66	58.06	219.432	linearbp
21	93.54	230.804	linearbp
53	31.65	214.104	linearbp
24	203.92	230.336	linearbp
56	63.57	220.584	linearbp
29	139.03	214.316	linearbp
67	199.58	214.064	linearbp
32	47.75	231.3	linearbp
68	215.36	221.004	linearbp
19	30.56	231.236	linearbp
69	60.35	229.324	linearbp
26	369.18	223.072	linearbp
72	25.32	215.408	linearbp
18	22.04	222.336	linearbp
70	40.0	230.444	linearbp
25	227.76	214.228	linearbp
71	1729.36	229.672	linearbp
31	64.77	214.308	linearbp
74	96.19	229.264	linearbp
22	111.04	221.308	linearbp
73	84.08	229.832	linearbp
27	135.26	230.592	linearbp
57	92.39	230.108	linearbp
20	110.17	230.744	linearbp
33	108.99	220.804	linearbp
48	103.21	215.784	linearbp
35	68.68	215.924	linearbp
43	32.39	229.396	linearbp
45	292.2	229.412	linearbp
42	35.38	214.784	linearbp
44	728.6	230.208	linearbp
47	239.54	230.664	linearbp
46	165.97	221.868	linearbp
34	81.55	221.276	linearbp
41	297.86	214.58	linearbp
36	349.32	230.704	linearbp
40	58.92	230.144	linearbp
37	15.84	214.384	linearbp
39	192.93	221.988	linearbp
83	73.23	218.004	linearbp
81	213.7	228.652	linearbp
98	33.85	213.292	linearbp
86	46.3	229.324	linearbp
85	296.6	229.048	linearbp
75	33.84	221.84	linearbp
82	37.17	221.012	linearbp
80	382.42	213.756	linearbp
77	123.87	217.796	linearbp
78	22.15	221.336	linearbp
101	72.4	218.712	linearbp
79	84.63	334.156	linearbp
84	79.1	219.016	linearbp
94	87.07	218.812	linearbp
99	15.82	228.964	linearbp
95	100.2	230.044	linearbp
96	76.47	229.608	linearbp
76	276.12	214.56	linearbp
100	318.61	228.024	linearbp
91	269.15	332.072	linearbp
87	33.35	212.672	linearbp
90	21.13	229.62	linearbp
92	41.14	219.424	linearbp
88	69.15	221.648	linearbp
89	169.96	218.648	linearbp
97	117.73	228.92	linearbp
93	198.43	230.044	linearbp
102	74.98	234.432	linearbp
107	63.84	222.724	linearbp
104	119.84	231.76	linearbp
103	81.1	223.284	linearbp
106	204.87	216.216	linearbp
109	182.1	223.608	linearbp
105	85.41	222.688	linearbp
108	16.56	232.908	linearbp
111	152.22	226.016	linearbp
117	19.67	224.688	linearbp
118	616.59	232.068	linearbp
113	28.59	233.98	linearbp
116	33.51	217.724	linearbp
163	33.57	214.796	linearbp
124	123.23	224.224	linearbp
122	148.87	233.556	linearbp
133	75.36	228.944	linearbp
132	23.09	220.104	linearbp
126	104.42	224.132	linearbp
146	53.65	229.008	linearbp
123	87.24	233.608	linearbp
137	129.07	228.708	linearbp
138	111.45	228.264	linearbp
139	135.07	218.276	linearbp
130	32.21	229.54	linearbp
129	149.16	217.412	linearbp
142	20.25	227.908	linearbp
125	94.7	233.88	linearbp
135	203.79	219.368	linearbp
144	104.92	221.684	linearbp
140	351.15	219.044	linearbp
148	23.23	229.444	linearbp
128	35.37	232.812	linearbp
136	265.63	229.72	linearbp
131	114.38	219.42	linearbp
134	266.65	218.016	linearbp
147	19.01	218.852	linearbp
127	113.99	224.224	linearbp
114	61.17	224.216	linearbp
112	71.64	223.156	linearbp
110	494.68	234.016	linearbp
120	325.37	232.956	linearbp
115	218.63	224.144	linearbp
121	99.36	233.684	linearbp
119	62.54	223.924	linearbp
143	67.11	219.524	linearbp
150	67.32	213.148	linearbp
152	116.33	333.376	linearbp
158	64.4	229.532	linearbp
149	132.07	219.236	linearbp
199	73.15	212.56	linearbp
196	16.09	217.68	linearbp
195	68.45	228.548	linearbp
193	93.16	215.144	linearbp
198	24.64	213.804	linearbp
153	29.24	229.588	linearbp
202	33.97	220.316	linearbp
200	25.8	213.66	linearbp
161	34.09	213.844	linearbp
160	15.64	212.116	linearbp
201	1267.8	229.796	linearbp
154	17.04	221.312	linearbp
145	32.65	229.192	linearbp
162	312.09	229.016	linearbp
151	54.57	220.408	linearbp
186	36.54	228.136	linearbp
184	105.97	221.168	linearbp
187	181.98	228.204	linearbp
185	298.23	230.644	linearbp
190	154.04	229.176	linearbp
188	189.71	220.912	linearbp
191	40.17	228.164	linearbp
194	76.88	229.916	linearbp
189	94.85	228.98	linearbp
164	50.09	222.08	linearbp
167	96.04	229.016	linearbp
155	67.72	228.888	linearbp
156	139.4	229.712	linearbp
197	90.9	220.588	linearbp
192	399.73	229.508	linearbp
168	120.63	221.108	linearbp
172	89.85	229.844	linearbp
165	29.3	222.54	linearbp
159	103.68	229.472	linearbp
170	178.18	229.9	linearbp
166	14.13	219.864	linearbp
175	78.26	220.048	linearbp
171	146.12	229.68	linearbp
141	45.28	219.932	linearbp
174	90.73	219.948	linearbp
176	532.22	228.98	linearbp
179	57.75	220.336	linearbp
178	135.03	213.448	linearbp
169	40.59	222.04	linearbp
173	25.23	229.484	linearbp
177	50.89	213.296	linearbp
183	51.33	220.652	linearbp
182	55.47	218.868	linearbp
181	47.94	228.4	linearbp
180	387.76	229.256	linearbp
205	104.25	221.268	linearbp
206	109.57	213.604	linearbp
204	20.81	221.488	linearbp
209	29.81	213.252	linearbp
210	22.31	219.728	linearbp
208	32.91	220.652	linearbp
212	28.05	228.0	linearbp
203	80.61	232.524	linearbp
261	20.79	221.312	linearbp
263	39.25	215.388	linearbp
211	31.83	228.652	linearbp
262	19.51	215.496	linearbp
264	85.49	222.652	linearbp
207	43.92	220.66	linearbp
260	111.1	222.184	linearbp
258	115.51	229.26	linearbp
249	49.39	219.552	linearbp
256	37.3	221.02	linearbp
247	56.38	229.22	linearbp
255	70.51	220.86	linearbp
254	617.82	228.364	linearbp
248	42.28	228.676	linearbp
251	30.69	211.724	linearbp
257	42.84	220.3	linearbp
252	140.27	227.924	linearbp
250	93.14	230.016	linearbp
259	14.56	221.584	linearbp
253	23.26	219.364	linearbp
265	900.86	230.56	linearbp
267	95.23	220.352	linearbp
272	73.32	230.696	linearbp
278	88.34	221.656	linearbp
277	31.39	231.472	linearbp
273	370.95	215.616	linearbp
276	146.26	231.624	linearbp
280	40.76	221.84	linearbp
275	57.9	231.176	linearbp
270	48.58	220.452	linearbp
269	24.48	222.072	linearbp
268	64.93	230.98	linearbp
274	442.3	230.252	linearbp
271	935.59	230.744	linearbp
213	48.6	229.484	linearbp
283	117.87	221.308	linearbp
289	21.69	230.672	linearbp
285	60.85	221.528	linearbp
282	133.45	221.232	linearbp
284	40.1	222.668	linearbp
214	268.09	220.628	linearbp
226	211.61	229.5	linearbp
288	76.92	222.296	linearbp
227	96.71	220.332	linearbp
287	131.95	222.996	linearbp
286	588.7	230.304	linearbp
281	30.7	230.036	linearbp
220	104.1	214.188	linearbp
223	203.43	229.924	linearbp
218	110.94	229.76	linearbp
216	110.72	229.792	linearbp
219	16.47	230.032	linearbp
215	86.09	220.844	linearbp
234	43.37	221.48	linearbp
231	73.6	214.932	linearbp
217	1516.8	228.676	linearbp
224	325.79	219.22	linearbp
331	104.6	222.308	linearbp
313	70.96000000000001	220.452	linearbp
330	21.48	214.008	linearbp
328	27.76	230.696	linearbp
312	676.11	216.232	linearbp
318	55.44	221.684	linearbp
221	44.88	230.0	linearbp
316	154.24	231.508	linearbp
333	262.81	221.08	linearbp
314	76.15	222.072	linearbp
325	155.87	231.94	linearbp
317	35.25	231.068	linearbp
225	30.64	229.308	linearbp
315	23.01	221.884	linearbp
324	216.53	230.928	linearbp
323	88.92	231.164	linearbp
321	146.19	214.908	linearbp
332	63.46	220.256	linearbp
329	182.65	223.208	linearbp
322	34.9	231.688	linearbp
320	248.79	222.908	linearbp
327	16.88	221.688	linearbp
326	95.29	215.512	linearbp
319	90.43	230.744	linearbp
222	50.86	219.78	linearbp
230	45.31	229.624	linearbp
294	29.96	231.372	linearbp
309	1001.98	231.524	linearbp
304	50.82	223.196	linearbp
292	85.84	223.764	linearbp
296	73.67	214.66	linearbp
299	98.41	229.824	linearbp
293	13.86	222.328	linearbp
306	11.56	223.644	linearbp
295	19.68	221.828	linearbp
305	137.85	232.188	linearbp
303	214.63	230.9	linearbp
302	15.26	214.9	linearbp
300	22.73	221.16	linearbp
311	46.39	230.676	linearbp
307	339.94	231.96	linearbp
298	1743.63	230.912	linearbp
291	20.23	221.968	linearbp
310	25.7	222.2	linearbp
290	192.0	223.012	linearbp
297	90.12	222.756	linearbp
308	18.03	222.052	linearbp
301	89.52	230.316	linearbp
370	330.64	216.372	linearbp
362	49.64	218.476	linearbp
372	276.72	231.548	linearbp
369	94.93	230.636	linearbp
361	183.53	230.932	linearbp
365	316.02	213.748	linearbp
360	20.93	216.376	linearbp
373	22.33	333.728	linearbp
363	35.59	222.892	linearbp
358	124.5	231.956	linearbp
371	33.21	230.632	linearbp
368	85.96000000000001	222.172	linearbp
364	132.26	215.368	linearbp
229	25.35	218.396	linearbp
375	163.54	230.564	linearbp
240	93.02	228.532	linearbp
356	41.09	231.12	linearbp
381	77.43	214.704	linearbp
357	20.53	221.632	linearbp
389	87.42	216.28	linearbp
228	115.56	212.896	linearbp
366	27.95	214.744	linearbp
396	148.7	333.576	linearbp
367	69.26	221.88	linearbp
242	27.16	218.04	linearbp
383	117.02	230.416	linearbp
359	22.77	214.96	linearbp
391	212.25	231.228	linearbp
236	122.19	213.52	linearbp
378	155.0	215.128	linearbp
386	148.51	230.796	linearbp
377	197.12	220.264	linearbp
382	26.83	230.664	linearbp
376	87.67	230.06	linearbp
399	47.17	230.512	linearbp
374	491.87	231.084	linearbp
387	56.82	214.116	linearbp
392	63.43	230.424	linearbp
398	95.17	220.08	linearbp
395	1549.18	221.844	linearbp
380	297.98	214.332	linearbp
232	52.78	218.76	linearbp
388	52.06	214.112	linearbp
390	38.02	219.448	linearbp
401	199.63	212.928	linearbp
239	32.54	221.228	linearbp
394	55.67	215.032	linearbp
246	87.02	217.592	linearbp
393	98.98	213.404	linearbp
397	77.21000000000001	218.972	linearbp
400	6843.0	233.544	linearbp
385	21.66	215.416	linearbp
379	420.35	335.088	linearbp
384	37.25	220.928	linearbp
244	30.06	219.844	linearbp
235	166.89	228.452	linearbp
238	21.08	227.876	linearbp
245	24.1	219.416	linearbp
241	43.41	220.524	linearbp
442	23.96	222.28	linearbp
443	168.48	230.18	linearbp
438	66.5	230.488	linearbp
439	214.39	215.764	linearbp
426	94.2	332.88	linearbp
435	134.72	231.504	linearbp
430	332.99	222.264	linearbp
440	36.99	221.144	linearbp
433	67.48	220.936	linearbp
444	25.51	221.764	linearbp
441	15.06	222.352	linearbp
427	73.98	221.94	linearbp
436	252.89	230.776	linearbp
434	123.21	231.796	linearbp
431	20.57	222.532	linearbp
428	61.55	231.528	linearbp
425	574.49	229.748	linearbp
405	60.71	230.176	linearbp
432	167.63	229.884	linearbp
403	27.87	220.336	linearbp
429	167.23	231.36	linearbp
402	98.45	230.248	linearbp
446	56.52	221.82	linearbp
417	97.45	215.804	linearbp
445	23.36	231.184	linearbp
415	66.0	218.848	linearbp
447	14.5	215.868	linearbp
416	38.15	231.244	linearbp
437	21.77	222.44	linearbp
419	26.06	218.532	linearbp
448	133.3	220.768	linearbp
408	356.3	333.3	linearbp
420	155.42000000000002	231.668	linearbp
352	34.88	221.444	linearbp
409	64.27	229.956	linearbp
345	72.0	215.912	linearbp
407	53.39	217.188	linearbp
335	67.91	337.684	linearbp
413	260.22	333.24	linearbp
348	303.78	230.26	linearbp
412	62.52	214.368	linearbp
334	242.01	222.628	linearbp
406	115.98	229.48	linearbp
337	144.07	215.196	linearbp
410	42.26	214.7	linearbp
422	34.81	231.644	linearbp
414	308.43	229.964	linearbp
347	20.61	230.224	linearbp
421	26.06	221.664	linearbp
237	34.46	229.324	linearbp
346	235.76	222.404	linearbp
424	28.24	230.38	linearbp
340	41.68	231.036	linearbp
423	19.83	230.436	linearbp
418	118.09	221.26	linearbp
341	106.81	222.304	linearbp
411	172.25	221.7	linearbp
338	94.96	222.36	linearbp
404	620.75	230.924	linearbp
353	23.29	220.164	linearbp
355	48.89	215.044	linearbp
349	15.95	221.64	linearbp
354	169.29	229.536	linearbp
351	362.34	222.52	linearbp
344	71.9	222.28	linearbp
243	183.48	220.16	linearbp
343	22.81	220.18	linearbp
336	61.65	230.452	linearbp
339	186.89	220.656	linearbp
233	23.55	220.596	linearbp
452	20.26	230.764	linearbp
457	99.17	231.072	linearbp
450	73.31	222.936	linearbp
460	67.29	222.248	linearbp
455	20.18	230.508	linearbp
449	32.23	222.068	linearbp
453	33.92	230.624	linearbp
456	62.84	221.252	linearbp
459	46.28	221.608	linearbp
451	73.2	221.0	linearbp
461	160.71	220.468	linearbp
463	107.63	216.408	linearbp
454	37.04	215.872	linearbp
464	18.67	229.6	linearbp
466	162.94	219.764	linearbp
468	59.43	222.164	linearbp
471	44.38	220.14	linearbp
458	56.63	221.204	linearbp
470	113.93	221.532	linearbp
469	134.41	230.616	linearbp
462	27.78	215.752	linearbp
465	111.84	214.976	linearbp
472	248.56	215.216	linearbp
467	46.92	220.16	linearbp
475	309.59	223.44	linearbp
474	48.76	230.812	linearbp
476	98.24	224.136	linearbp
473	39.52	221.84	linearbp
9	7.39	197.644	linearbp_onlyA
14	15.12	198.588	linearbp_onlyA
13	7.43	199.62	linearbp_onlyA
16	6.65	197.652	linearbp_onlyA
5	7.46	198.532	linearbp_onlyA
15	6.67	198.64	linearbp_onlyA
2	99.47	198.46	linearbp_onlyA
11	9.61	198.084	linearbp_onlyA
10	98.78	203.776	linearbp_onlyA
12	8.07	199.692	linearbp_onlyA
3	9.43	199.028	linearbp_onlyA
4	15.23	199.92	linearbp_onlyA
7	7.51	199.428	linearbp_onlyA
6	8.23	199.188	linearbp_onlyA
8	7.63	197.944	linearbp_onlyA
1	8.22	199.712	linearbp_onlyA
27	22.6	199.904	linearbp_onlyA
29	6.42	200.392	linearbp_onlyA
30	8.14	198.16	linearbp_onlyA
31	7.47	198.776	linearbp_onlyA
28	20.41	200.768	linearbp_onlyA
37	7.3	199.068	linearbp_onlyA
39	10.81	198.98	linearbp_onlyA
60	19.28	199.652	linearbp_onlyA
44	89.36	200.244	linearbp_onlyA
45	10.04	200.26	linearbp_onlyA
47	19.82	199.052	linearbp_onlyA
46	11.88	199.924	linearbp_onlyA
48	10.02	199.42	linearbp_onlyA
40	14.5	200.364	linearbp_onlyA
42	18.19	197.796	linearbp_onlyA
41	11.32	200.344	linearbp_onlyA
52	8.61	200.316	linearbp_onlyA
54	18.71	199.708	linearbp_onlyA
56	7.38	199.52	linearbp_onlyA
57	6.94	200.208	linearbp_onlyA
55	14.81	199.444	linearbp_onlyA
43	7.57	199.328	linearbp_onlyA
51	28.61	199.58	linearbp_onlyA
62	33.09	199.284	linearbp_onlyA
50	8.29	201.048	linearbp_onlyA
49	7.47	199.492	linearbp_onlyA
58	7.04	200.204	linearbp_onlyA
53	10.77	201.124	linearbp_onlyA
61	8.01	199.672	linearbp_onlyA
59	37.4	199.952	linearbp_onlyA
36	95.84	199.84	linearbp_onlyA
25	17.6	201.08	linearbp_onlyA
22	6.66	199.66	linearbp_onlyA
21	8.97	199.76	linearbp_onlyA
24	7.74	199.516	linearbp_onlyA
35	10.32	199.7	linearbp_onlyA
20	44.62	200.312	linearbp_onlyA
32	10.58	197.272	linearbp_onlyA
26	9.69	199.436	linearbp_onlyA
33	7.76	198.916	linearbp_onlyA
34	8.2	199.12	linearbp_onlyA
23	9.71	200.14	linearbp_onlyA
18	9.55	199.572	linearbp_onlyA
19	8.27	199.828	linearbp_onlyA
102	29.22	195.48	linearbp_onlyA
17	13.91	200.568	linearbp_onlyA
76	11.04	196.9	linearbp_onlyA
65	40.45	200.552	linearbp_onlyA
70	17.25	194.812	linearbp_onlyA
68	14.35	194.944	linearbp_onlyA
69	10.78	196.184	linearbp_onlyA
77	10.69	195.296	linearbp_onlyA
63	7.42	200.32	linearbp_onlyA
74	13.37	194.968	linearbp_onlyA
64	12.74	201.36	linearbp_onlyA
79	15.15	201.82	linearbp_onlyA
71	3043.4	195.532	linearbp_onlyA
66	10.48	195.572	linearbp_onlyA
67	30.58	199.236	linearbp_onlyA
73	11.18	194.396	linearbp_onlyA
80	19.14	196.828	linearbp_onlyA
94	13.37	195.508	linearbp_onlyA
72	11.36	195.864	linearbp_onlyA
75	20.47	194.988	linearbp_onlyA
83	9.72	195.248	linearbp_onlyA
85	41.61	194.992	linearbp_onlyA
82	12.28	194.64	linearbp_onlyA
92	23.1	194.504	linearbp_onlyA
88	11.53	195.028	linearbp_onlyA
78	11.39	195.076	linearbp_onlyA
86	9.7	195.028	linearbp_onlyA
81	10.82	194.816	linearbp_onlyA
84	28.71	194.744	linearbp_onlyA
98	15.57	195.732	linearbp_onlyA
89	11.91	195.36	linearbp_onlyA
95	20.07	194.544	linearbp_onlyA
87	15.49	194.96	linearbp_onlyA
91	62.65	197.052	linearbp_onlyA
97	14.83	195.544	linearbp_onlyA
90	14.02	194.884	linearbp_onlyA
93	15.9	196.024	linearbp_onlyA
96	42.27	194.38	linearbp_onlyA
100	29.23	194.784	linearbp_onlyA
99	13.22	195.276	linearbp_onlyA
147	9.39	195.008	linearbp_onlyA
146	13.95	194.388	linearbp_onlyA
151	10.85	195.16	linearbp_onlyA
152	26.21	202.616	linearbp_onlyA
156	17.88	194.732	linearbp_onlyA
161	18.53	195.092	linearbp_onlyA
148	10.85	195.568	linearbp_onlyA
153	11.82	195.112	linearbp_onlyA
150	14.4	196.2	linearbp_onlyA
166	9.88	195.448	linearbp_onlyA
145	10.64	194.612	linearbp_onlyA
154	12.27	195.012	linearbp_onlyA
149	32.22	194.716	linearbp_onlyA
143	10.28	195.608	linearbp_onlyA
144	10.95	194.96	linearbp_onlyA
168	11.21	194.808	linearbp_onlyA
160	9.8	195.94	linearbp_onlyA
142	12.91	195.068	linearbp_onlyA
159	13.21	195.38	linearbp_onlyA
163	21.28	195.02	linearbp_onlyA
155	53.83	195.032	linearbp_onlyA
182	12.95	194.968	linearbp_onlyA
174	14.65	194.752	linearbp_onlyA
164	12.32	194.74	linearbp_onlyA
165	15.79	194.452	linearbp_onlyA
162	11.79	194.932	linearbp_onlyA
169	14.27	195.612	linearbp_onlyA
175	12.37	194.344	linearbp_onlyA
167	26.5	193.704	linearbp_onlyA
180	49.15	194.736	linearbp_onlyA
170	33.24	195.516	linearbp_onlyA
173	22.46	195.364	linearbp_onlyA
181	18.69	195.34	linearbp_onlyA
171	30.73	194.812	linearbp_onlyA
177	12.42	196.896	linearbp_onlyA
158	9.67	195.052	linearbp_onlyA
178	19.4	198.8	linearbp_onlyA
179	12.4	195.268	linearbp_onlyA
176	59.22	195.068	linearbp_onlyA
172	21.58	195.08	linearbp_onlyA
184	13.77	195.136	linearbp_onlyA
183	14.58	195.168	linearbp_onlyA
185	42.45	196.188	linearbp_onlyA
186	15.1	195.272	linearbp_onlyA
187	17.65	195.148	linearbp_onlyA
188	15.88	195.188	linearbp_onlyA
189	16.15	194.916	linearbp_onlyA
190	14.73	195.38	linearbp_onlyA
108	12.79	194.452	linearbp_onlyA
105	16.8	194.412	linearbp_onlyA
101	14.66	194.824	linearbp_onlyA
104	13.64	195.496	linearbp_onlyA
118	16.03	195.52	linearbp_onlyA
121	24.8	194.012	linearbp_onlyA
103	36.39	194.36	linearbp_onlyA
107	14.61	194.412	linearbp_onlyA
133	16.71	194.62	linearbp_onlyA
112	14.0	194.804	linearbp_onlyA
138	12.17	195.212	linearbp_onlyA
106	31.05	195.844	linearbp_onlyA
115	13.83	194.732	linearbp_onlyA
110	61.93	195.32	linearbp_onlyA
111	20.5	194.6	linearbp_onlyA
117	17.86	194.376	linearbp_onlyA
114	15.18	194.836	linearbp_onlyA
128	14.73	194.956	linearbp_onlyA
119	17.93	194.784	linearbp_onlyA
120	21.37	194.352	linearbp_onlyA
109	38.02	194.92	linearbp_onlyA
113	16.26	194.604	linearbp_onlyA
116	14.07	194.656	linearbp_onlyA
140	12.4	195.564	linearbp_onlyA
136	41.09	195.34	linearbp_onlyA
123	13.98	194.632	linearbp_onlyA
134	27.59	194.156	linearbp_onlyA
135	56.17	194.708	linearbp_onlyA
127	13.19	195.008	linearbp_onlyA
139	14.39	195.068	linearbp_onlyA
132	10.09	194.992	linearbp_onlyA
131	11.91	194.548	linearbp_onlyA
124	34.66	194.48	linearbp_onlyA
137	18.75	195.5	linearbp_onlyA
141	9.62	194.292	linearbp_onlyA
126	14.02	194.212	linearbp_onlyA
122	28.38	194.508	linearbp_onlyA
129	20.68	195.256	linearbp_onlyA
130	11.12	194.356	linearbp_onlyA
125	22.0	194.924	linearbp_onlyA
191	20.11	195.248	linearbp_onlyA
193	18.34	195.252	linearbp_onlyA
194	14.32	195.016	linearbp_onlyA
192	98.73	193.948	linearbp_onlyA
195	17.6	194.752	linearbp_onlyA
197	15.52	195.3	linearbp_onlyA
196	11.59	195.116	linearbp_onlyA
198	13.01	196.548	linearbp_onlyA
199	15.74	196.04	linearbp_onlyA
200	14.54	195.952	linearbp_onlyA
201	4064.0	195.592	linearbp_onlyA
202	14.38	195.516	linearbp_onlyA
203	7.47	200.52	linearbp_onlyA
204	12.57	194.584	linearbp_onlyA
205	14.83	195.208	linearbp_onlyA
206	14.12	196.12	linearbp_onlyA
207	12.99	194.812	linearbp_onlyA
208	12.59	194.572	linearbp_onlyA
209	13.55	194.876	linearbp_onlyA
210	12.7	195.172	linearbp_onlyA
211	9.73	200.324	linearbp_onlyA
212	6.28	199.816	linearbp_onlyA
213	12.04	199.92	linearbp_onlyA
215	7.87	200.212	linearbp_onlyA
214	30.06	200.128	linearbp_onlyA
216	16.31	198.808	linearbp_onlyA
217	88.01	200.048	linearbp_onlyA
219	6.54	200.124	linearbp_onlyA
218	9.18	200.24	linearbp_onlyA
220	7.37	200.696	linearbp_onlyA
221	14.17	200.156	linearbp_onlyA
222	5.75	199.684	linearbp_onlyA
223	9.16	197.664	linearbp_onlyA
224	79.72	198.584	linearbp_onlyA
225	7.75	199.704	linearbp_onlyA
226	8.16	197.444	linearbp_onlyA
227	15.5	200.38	linearbp_onlyA
228	42.3	199.484	linearbp_onlyA
229	5.49	198.656	linearbp_onlyA
230	7.38	200.152	linearbp_onlyA
231	10.68	200.82	linearbp_onlyA
233	5.42	199.516	linearbp_onlyA
232	5.12	197.656	linearbp_onlyA
234	6.77	200.168	linearbp_onlyA
235	41.67	200.228	linearbp_onlyA
237	6.15	198.928	linearbp_onlyA
236	10.83	204.48	linearbp_onlyA
238	6.31	199.764	linearbp_onlyA
240	10.93	200.004	linearbp_onlyA
242	5.51	198.108	linearbp_onlyA
239	10.55	200.308	linearbp_onlyA
243	18.85	198.22	linearbp_onlyA
244	7.47	200.22	linearbp_onlyA
241	7.37	198.66	linearbp_onlyA
246	7.15	200.076	linearbp_onlyA
247	14.67	200.28	linearbp_onlyA
245	12.25	198.612	linearbp_onlyA
248	8.31	199.636	linearbp_onlyA
253	6.17	199.792	linearbp_onlyA
251	5.89	198.468	linearbp_onlyA
254	70.86	199.908	linearbp_onlyA
250	8.04	198.324	linearbp_onlyA
249	6.77	199.34	linearbp_onlyA
255	8.34	199.716	linearbp_onlyA
252	12.17	199.764	linearbp_onlyA
257	8.72	199.444	linearbp_onlyA
256	9.56	199.568	linearbp_onlyA
261	7.94	198.932	linearbp_onlyA
259	5.33	198.66	linearbp_onlyA
262	19.14	200.752	linearbp_onlyA
258	6.68	199.788	linearbp_onlyA
264	14.01	199.712	linearbp_onlyA
267	7.8	200.208	linearbp_onlyA
265	56.24	200.132	linearbp_onlyA
263	5.85	200.544	linearbp_onlyA
271	189.95	199.872	linearbp_onlyA
270	5.99	198.88	linearbp_onlyA
268	6.15	198.68	linearbp_onlyA
269	8.73	199.6	linearbp_onlyA
272	9.32	199.5	linearbp_onlyA
273	10.57	199.696	linearbp_onlyA
274	18.32	198.676	linearbp_onlyA
275	15.25	198.624	linearbp_onlyA
276	22.29	200.656	linearbp_onlyA
277	10.53	199.884	linearbp_onlyA
278	6.32	199.7	linearbp_onlyA
282	10.55	198.66	linearbp_onlyA
281	7.17	199.428	linearbp_onlyA
284	7.92	200.092	linearbp_onlyA
279	1531.88	197.64	linearbp_onlyA
280	5.51	200.356	linearbp_onlyA
283	20.36	199.888	linearbp_onlyA
285	5.9	199.728	linearbp_onlyA
287	12.56	200.632	linearbp_onlyA
286	50.73	199.104	linearbp_onlyA
289	6.78	199.252	linearbp_onlyA
291	6.63	197.644	linearbp_onlyA
292	12.37	199.56	linearbp_onlyA
288	4.6	199.396	linearbp_onlyA
290	22.64	199.612	linearbp_onlyA
294	19.64	199.584	linearbp_onlyA
295	4.85	200.124	linearbp_onlyA
293	6.14	200.136	linearbp_onlyA
296	23.37	200.748	linearbp_onlyA
298	5610.0	199.436	linearbp_onlyA
299	7.41	198.664	linearbp_onlyA
297	10.75	198.664	linearbp_onlyA
300	7.03	200.356	linearbp_onlyA
302	6.42	199.768	linearbp_onlyA
303	13.17	199.976	linearbp_onlyA
305	10.6	200.156	linearbp_onlyA
301	20.72	199.696	linearbp_onlyA
306	4.38	198.676	linearbp_onlyA
304	4.71	199.912	linearbp_onlyA
307	72.89	199.772	linearbp_onlyA
309	63.5	200.492	linearbp_onlyA
310	5.61	200.2	linearbp_onlyA
308	4.96	199.792	linearbp_onlyA
311	19.5	198.676	linearbp_onlyA
312	20.83	200.388	linearbp_onlyA
313	8.07	198.696	linearbp_onlyA
314	6.18	200.184	linearbp_onlyA
315	6.49	198.868	linearbp_onlyA
316	8.17	199.92	linearbp_onlyA
318	21.52	200.008	linearbp_onlyA
317	17.93	199.708	linearbp_onlyA
319	7.97	199.764	linearbp_onlyA
320	20.77	200.028	linearbp_onlyA
321	8.55	200.892	linearbp_onlyA
322	10.47	200.796	linearbp_onlyA
325	7.23	200.044	linearbp_onlyA
324	55.35	199.42	linearbp_onlyA
326	6.73	201.132	linearbp_onlyA
328	7.93	198.996	linearbp_onlyA
323	14.02	199.712	linearbp_onlyA
329	11.72	197.936	linearbp_onlyA
330	7.16	199.532	linearbp_onlyA
327	4.77	199.424	linearbp_onlyA
331	8.86	199.468	linearbp_onlyA
334	16.74	200.02	linearbp_onlyA
332	10.07	199.8	linearbp_onlyA
333	12.41	199.316	linearbp_onlyA
335	15.9	201.292	linearbp_onlyA
337	12.11	201.972	linearbp_onlyA
336	15.51	199.908	linearbp_onlyA
338	7.56	199.628	linearbp_onlyA
339	23.56	199.748	linearbp_onlyA
343	8.67	200.352	linearbp_onlyA
340	10.42	199.504	linearbp_onlyA
341	26.72	199.74	linearbp_onlyA
345	10.0	199.704	linearbp_onlyA
344	5.48	198.184	linearbp_onlyA
349	5.76	200.696	linearbp_onlyA
347	5.91	198.584	linearbp_onlyA
346	5137.0	199.688	linearbp_onlyA
351	95.36	200.344	linearbp_onlyA
350	2343.7	200.648	linearbp_onlyA
348	30.89	199.988	linearbp_onlyA
352	6.81	200.48	linearbp_onlyA
354	7.6	199.472	linearbp_onlyA
356	7.98	199.992	linearbp_onlyA
353	7.26	200.08	linearbp_onlyA
355	7.37	204.812	linearbp_onlyA
357	8.86	197.644	linearbp_onlyA
358	7.75	198.668	linearbp_onlyA
359	8.07	198.476	linearbp_onlyA
362	4.97	198.048	linearbp_onlyA
363	45.21	200.724	linearbp_onlyA
360	9.02	199.716	linearbp_onlyA
361	8.15	198.404	linearbp_onlyA
364	10.24	201.244	linearbp_onlyA
365	61.68	200.212	linearbp_onlyA
367	6.06	200.084	linearbp_onlyA
366	7.57	199.5	linearbp_onlyA
369	7.23	199.912	linearbp_onlyA
368	5.61	197.668	linearbp_onlyA
370	8.99	200.88	linearbp_onlyA
372	94.74	199.812	linearbp_onlyA
373	6.16	202.76	linearbp_onlyA
371	13.94	199.844	linearbp_onlyA
374	24.07	199.96	linearbp_onlyA
375	9.34	199.552	linearbp_onlyA
377	12.53	197.64	linearbp_onlyA
379	54.41	201.86	linearbp_onlyA
376	10.55	200.372	linearbp_onlyA
383	14.71	199.988	linearbp_onlyA
378	12.69	200.864	linearbp_onlyA
380	5.58	199.7	linearbp_onlyA
382	6.18	200.164	linearbp_onlyA
386	7.4	198.876	linearbp_onlyA
381	5.55	200.328	linearbp_onlyA
384	6.67	199.556	linearbp_onlyA
387	9.34	204.26	linearbp_onlyA
385	6.68	199.364	linearbp_onlyA
391	7.16	199.876	linearbp_onlyA
389	8.02	201.844	linearbp_onlyA
390	5.66	199.36	linearbp_onlyA
394	8.71	199.676	linearbp_onlyA
388	14.61	200.264	linearbp_onlyA
393	11.29	202.796	linearbp_onlyA
392	5.86	199.444	linearbp_onlyA
395	124.58	198.732	linearbp_onlyA
396	13.16	213.924	linearbp_onlyA
398	6.71	199.168	linearbp_onlyA
397	4.5	200.072	linearbp_onlyA
400	419.11	200.488	linearbp_onlyA
399	7.18	199.628	linearbp_onlyA
402	11.23	200.212	linearbp_onlyA
401	20.94	203.46	linearbp_onlyA
403	6.63	199.8	linearbp_onlyA
407	5.31	199.736	linearbp_onlyA
404	81.81	200.176	linearbp_onlyA
405	6.22	198.596	linearbp_onlyA
408	21.11	202.528	linearbp_onlyA
409	17.27	199.952	linearbp_onlyA
406	6.07	197.644	linearbp_onlyA
410	7.73	200.468	linearbp_onlyA
411	8.1	199.176	linearbp_onlyA
414	31.61	199.712	linearbp_onlyA
417	57.83	200.128	linearbp_onlyA
419	6.01	200.144	linearbp_onlyA
420	6.12	199.068	linearbp_onlyA
421	9.46	199.644	linearbp_onlyA
412	5.6	200.712	linearbp_onlyA
413	24.75	202.088	linearbp_onlyA
422	5.84	200.204	linearbp_onlyA
423	6.82	200.696	linearbp_onlyA
424	6.54	200.28	linearbp_onlyA
418	10.9	199.884	linearbp_onlyA
426	24.64	201.032	linearbp_onlyA
415	5.96	199.604	linearbp_onlyA
416	12.8	199.244	linearbp_onlyA
427	7.17	199.396	linearbp_onlyA
425	17.33	198.664	linearbp_onlyA
429	9.75	200.004	linearbp_onlyA
430	35.65	200.044	linearbp_onlyA
431	5.1	199.164	linearbp_onlyA
428	8.41	199.632	linearbp_onlyA
433	18.82	199.74	linearbp_onlyA
432	6.39	199.476	linearbp_onlyA
434	16.87	200.188	linearbp_onlyA
435	12.82	199.74	linearbp_onlyA
436	11.93	200.204	linearbp_onlyA
438	7.21	198.652	linearbp_onlyA
437	7.85	199.344	linearbp_onlyA
440	16.42	200.3	linearbp_onlyA
443	9.83	200.144	linearbp_onlyA
442	7.14	198.152	linearbp_onlyA
439	7.68	200.208	linearbp_onlyA
441	5.1	198.828	linearbp_onlyA
448	6.66	200.056	linearbp_onlyA
449	10.82	198.744	linearbp_onlyA
451	6.39	200.128	linearbp_onlyA
452	7.02	199.564	linearbp_onlyA
447	6.04	200.64	linearbp_onlyA
453	12.27	199.608	linearbp_onlyA
445	6.89	200.0	linearbp_onlyA
450	26.78	200.216	linearbp_onlyA
444	8.21	199.62	linearbp_onlyA
446	13.37	198.656	linearbp_onlyA
455	7.44	200.312	linearbp_onlyA
458	14.98	199.232	linearbp_onlyA
456	6.67	199.724	linearbp_onlyA
460	8.21	198.532	linearbp_onlyA
464	7.07	199.556	linearbp_onlyA
461	22.65	200.288	linearbp_onlyA
466	24.13	199.644	linearbp_onlyA
465	6.08	199.476	linearbp_onlyA
463	9.75	201.548	linearbp_onlyA
470	9.32	200.096	linearbp_onlyA
469	14.01	199.584	linearbp_onlyA
459	6.25	199.704	linearbp_onlyA
467	15.97	199.768	linearbp_onlyA
462	6.44	199.968	linearbp_onlyA
468	9.77	198.68	linearbp_onlyA
454	6.79	199.852	linearbp_onlyA
457	22.02	200.18	linearbp_onlyA
471	14.66	198.816	linearbp_onlyA
473	14.3	199.968	linearbp_onlyA
474	9.94	200.936	linearbp_onlyA
472	9.54	200.516	linearbp_onlyA
475	56.87	199.768	linearbp_onlyA
476	7.21	199.992	linearbp_onlyA
